"Pass []","re(Mode(1)) [g]"
1,6.5675367066947
2,6.78624474402475
3,6.84115508873197
4,6.85967580710079
5,6.8713135020823
6,6.8776907843413
7,6.88693196811931
8,6.89391531848937
9,6.89720672026341
10,6.89824310446532
11,
12,
13,
14,
15,
